order_id,user_id,order_number,date
2539329,1,1,2018-01-01
2398795,1,2,2018-01-16
473747,1,3,2018-02-06
2254736,1,4,2018-03-07
431534,1,5,2018-04-04
3367565,1,6,2018-04-23
550135,1,7,2018-05-13
3108588,1,8,2018-05-27
2295261,1,9,2018-05-27
2550362,1,10,2018-06-26
2168274,2,1,2018-01-01
1501582,2,2,2018-01-11
1901567,2,3,2018-01-14
738281,2,4,2018-01-22
1673511,2,5,2018-01-30
1199898,2,6,2018-02-12
3194192,2,7,2018-02-26
788338,2,8,2018-03-25
1718559,2,9,2018-04-02
1447487,2,10,2018-04-08
1402090,2,11,2018-05-08
3186735,2,12,2018-06-05
3268552,2,13,2018-07-05
839880,2,14,2018-07-18
1374495,3,1,2018-01-01
444309,3,2,2018-01-10
3002854,3,3,2018-01-31
2037211,3,4,2018-02-20
2710558,3,5,2018-03-04
1972919,3,6,2018-03-11
1839752,3,7,2018-03-18
3225766,3,8,2018-03-25
3160850,3,9,2018-04-01
676467,3,10,2018-04-18
521107,3,11,2018-04-29
1402502,3,12,2018-05-14
3343014,4,1,2018-01-01
2030307,4,2,2018-01-20
691089,4,3,2018-02-10
94891,4,4,2018-02-25
2557754,4,5,2018-02-25
2717275,5,1,2018-01-01
1909121,5,2,2018-01-12
2267326,5,3,2018-01-22
157374,5,4,2018-02-10
2086598,6,1,2018-01-01
298250,6,2,2018-01-07
998866,6,3,2018-01-19
2565571,7,1,2018-01-01
2402008,7,2,2018-01-31
121053,7,3,2018-03-02
1695742,7,4,2018-03-11
3321109,7,5,2018-03-14
1682003,7,6,2018-03-24
1014379,7,7,2018-03-31
776265,7,8,2018-04-08
2507052,7,9,2018-04-12
1396119,7,10,2018-04-21
565870,7,11,2018-04-27
3239072,7,12,2018-05-04
1175028,7,13,2018-05-09
3060817,7,14,2018-05-26
3120740,7,15,2018-05-28
2425840,7,16,2018-06-08
23391,7,17,2018-07-06
2984707,7,18,2018-07-13
369015,7,19,2018-07-16
2452257,7,20,2018-07-23
600894,8,1,2018-01-01
2979257,8,2,2018-01-31
2570360,8,3,2018-03-02
280530,9,1,2018-01-01
2762092,9,2,2018-01-07
1830137,9,3,2018-02-06
1224907,10,1,2018-01-01
68288,10,2,2018-01-31
2115522,10,3,2018-02-12
83395,10,4,2018-02-26
1353310,10,5,2018-03-21
2411567,11,1,2018-01-01
1170872,11,2,2018-01-13
2840752,11,3,2018-01-27
1611810,11,4,2018-02-26
2921164,11,5,2018-03-28
790927,11,6,2018-04-04
1468214,11,7,2018-05-04
1483446,12,1,2018-01-01
1247527,12,2,2018-01-31
1916106,12,3,2018-02-14
1057378,12,4,2018-03-12
221248,12,5,2018-04-11
2618231,13,1,2018-01-01
2560699,13,2,2018-01-09
2288946,13,3,2018-01-15
19256,13,4,2018-01-24
1378982,13,5,2018-01-30
2363981,13,6,2018-02-06
1906169,13,7,2018-02-13
1757094,13,8,2018-02-26
519471,13,9,2018-03-05
2298068,13,10,2018-03-12
1472646,13,11,2018-03-20
1789302,13,12,2018-03-26
2906263,14,1,2018-01-01
3206747,14,2,2018-01-31
1366559,14,3,2018-02-02
1385564,14,4,2018-02-22
1691859,14,5,2018-03-24
2127409,14,6,2018-04-23
2505309,14,7,2018-05-23
3067644,14,8,2018-06-19
2109666,14,9,2018-07-19
1625325,14,10,2018-08-18
1335295,14,11,2018-09-12
2045336,14,12,2018-09-16
3394109,14,13,2018-09-23
2514324,15,1,2018-01-01
3135826,15,2,2018-01-16
2564002,15,3,2018-01-23
714991,15,4,2018-02-08
3317979,15,5,2018-02-25
876095,15,6,2018-03-05
2685110,15,7,2018-03-22
3119091,15,8,2018-03-30
887727,15,9,2018-04-06
2570697,15,10,2018-04-27
2600170,15,11,2018-05-11
2883598,15,12,2018-05-17
2332087,15,13,2018-05-31
113728,15,14,2018-06-14
2968173,15,15,2018-06-21
3097485,15,16,2018-06-28
1870022,15,17,2018-07-06
1911383,15,18,2018-07-13
2345592,15,19,2018-07-16
2994589,15,20,2018-07-26
2715276,15,21,2018-08-02
487368,15,22,2018-08-16
1273676,16,1,2018-01-01
875885,16,2,2018-01-21
1491849,16,3,2018-02-11
2704482,16,4,2018-02-23
3192400,16,5,2018-03-25
2000615,16,6,2018-04-20
1737705,17,1,2018-01-01
1681401,17,2,2018-01-04
2680214,17,3,2018-01-09
3197376,17,4,2018-01-14
3237467,17,5,2018-01-19
2616505,17,6,2018-01-24
2648319,17,7,2018-01-28
2430354,17,8,2018-02-03
2373492,17,9,2018-02-06
900554,17,10,2018-02-10
805025,17,11,2018-02-14
912404,17,12,2018-02-19
1389057,17,13,2018-02-25
603534,17,14,2018-03-02
2660930,17,15,2018-03-05
1719551,17,16,2018-03-11
601444,17,17,2018-03-15
2956367,17,18,2018-03-23
2508834,17,19,2018-03-29
415389,17,20,2018-04-05
3141030,17,21,2018-04-09
603376,17,22,2018-04-13
3069802,17,23,2018-04-17
1683378,17,24,2018-04-22
2795254,17,25,2018-04-28
343199,17,26,2018-05-03
1385847,17,27,2018-05-09
3314059,17,28,2018-05-13
697863,17,29,2018-05-18
2148135,17,30,2018-05-18
3327122,17,31,2018-05-23
2760791,17,32,2018-05-27
2553089,17,33,2018-06-05
791858,17,34,2018-06-21
2773605,17,35,2018-06-29
674977,17,36,2018-07-29
2831726,17,37,2018-08-11
1385397,17,38,2018-09-10
348137,17,39,2018-09-21
3350883,17,40,2018-10-18
2780889,18,1,2018-01-01
3106101,18,2,2018-01-02
1860960,18,3,2018-01-10
3133044,18,4,2018-01-16
1020460,18,5,2018-01-25
441977,18,6,2018-01-29
1321974,19,1,2018-01-01
2293453,19,2,2018-01-07
2208892,19,3,2018-01-23
2808909,19,4,2018-01-28
1973799,19,5,2018-02-05
2474845,19,6,2018-02-25
532817,19,7,2018-03-03
2483716,19,8,2018-03-10
86918,19,9,2018-03-18
947722,20,1,2018-01-01
157550,20,2,2018-01-03
3408319,20,3,2018-01-09
2741696,20,4,2018-01-16
2625565,21,1,2018-01-01
2698037,21,2,2018-01-08
1166994,21,3,2018-01-15
129152,21,4,2018-01-29
62373,21,5,2018-02-05
2984916,21,6,2018-02-09
1716848,21,7,2018-03-09
3288630,21,8,2018-03-27
2592860,21,9,2018-03-29
1573906,21,10,2018-04-04
2102674,21,11,2018-04-16
534401,21,12,2018-05-07
2510446,21,13,2018-05-11
1082944,21,14,2018-05-21
3257456,21,15,2018-05-28
774475,21,16,2018-06-04
1953572,21,17,2018-06-05
1674891,21,18,2018-06-26
77791,21,19,2018-07-04
1413723,21,20,2018-07-16
1806047,21,21,2018-07-23
1431584,21,22,2018-08-01
2941505,21,23,2018-08-07
1322450,21,24,2018-08-10
1776467,21,25,2018-08-17
497940,21,26,2018-08-27
1735495,21,27,2018-09-05
1996394,21,28,2018-09-10
1110781,21,29,2018-09-18
2097221,21,30,2018-09-24
2057208,21,31,2018-10-03
865324,21,32,2018-10-15
3341737,21,33,2018-11-14
2300537,22,1,2018-01-01
144358,22,2,2018-01-31
1219654,22,3,2018-02-04
2922708,22,4,2018-03-06
3393222,22,5,2018-03-22
2327987,22,6,2018-04-08
2455079,22,7,2018-04-13
634494,22,8,2018-04-26
1014994,22,9,2018-05-24
3227049,22,10,2018-05-29
2780464,22,11,2018-05-31
194741,22,12,2018-06-02
1766930,22,13,2018-06-07
3090814,22,14,2018-06-10
2647850,22,15,2018-07-10
1792521,23,1,2018-01-01
8382,23,2,2018-01-10
1902489,23,3,2018-01-15
1072926,23,4,2018-02-14
611214,24,1,2018-01-01
1869748,24,2,2018-01-04
1511050,24,3,2018-02-03
2877797,24,4,2018-02-27
118133,24,5,2018-03-29
816714,24,6,2018-04-11
1415679,24,7,2018-04-26
3064712,24,8,2018-05-04
1640680,24,9,2018-06-03
3354579,24,10,2018-06-21
3320181,24,11,2018-06-27
2126098,24,12,2018-07-19
2586085,24,13,2018-07-30
1103927,24,14,2018-08-03
1368577,24,15,2018-08-18
2635041,24,16,2018-08-25
196008,24,17,2018-09-08
173172,24,18,2018-09-22
2610576,25,1,2018-01-01
2994388,25,2,2018-01-31
258751,25,3,2018-03-02
3229714,26,1,2018-01-01
2284750,26,2,2018-01-11
1488077,26,3,2018-01-18
1798774,26,4,2018-01-24
2018734,26,5,2018-02-01
2827207,26,6,2018-02-12
2097636,26,7,2018-03-14
2923351,26,8,2018-04-13
2063028,26,9,2018-04-27
3350048,26,10,2018-05-04
135696,26,11,2018-05-12
232721,26,12,2018-05-19
361493,27,1,2018-01-01
1662354,27,2,2018-01-07
965677,27,3,2018-01-08
2842504,27,4,2018-01-10
1007361,27,5,2018-01-14
2792524,27,6,2018-01-23
1771198,27,7,2018-01-28
1460681,27,8,2018-01-29
3317805,27,9,2018-01-30
3149167,27,10,2018-02-06
3141790,27,11,2018-02-07
1380784,27,12,2018-02-10
1659155,27,13,2018-02-11
1406911,27,14,2018-02-19
3247231,27,15,2018-02-24
2705360,27,16,2018-03-04
1523605,27,17,2018-03-11
3137551,27,18,2018-03-31
900590,27,19,2018-04-09
1060278,27,20,2018-04-21
1149132,27,21,2018-04-29
2729473,27,22,2018-05-07
612679,27,23,2018-05-13
3162630,27,24,2018-05-13
338996,27,25,2018-05-23
2305567,27,26,2018-05-30
1311494,27,27,2018-06-16
1641287,27,28,2018-06-18
654294,27,29,2018-06-18
1111867,27,30,2018-06-19
1194452,27,31,2018-06-24
3147283,27,32,2018-07-04
1666812,27,33,2018-07-10
2695034,27,34,2018-07-15
129025,27,35,2018-07-16
920968,27,36,2018-07-18
2005447,27,37,2018-07-21
1603399,27,38,2018-07-22
3176698,27,39,2018-07-28
3374715,27,40,2018-07-31
2392592,27,41,2018-08-01
1374792,27,42,2018-08-01
1849805,27,43,2018-08-01
225381,27,44,2018-08-05
3037479,27,45,2018-08-07
419099,27,46,2018-08-11
3359528,27,47,2018-08-12
1380270,27,48,2018-08-13
1067581,27,49,2018-08-13
3094422,27,50,2018-08-14
933179,27,51,2018-08-19
682914,27,52,2018-09-03
1149184,27,53,2018-09-09
65724,27,54,2018-09-11
2244394,27,55,2018-09-16
1025119,27,56,2018-09-17
1559403,27,57,2018-09-18
1615255,27,58,2018-09-19
1201330,27,59,2018-09-24
3146978,27,60,2018-09-25
230851,27,61,2018-09-29
771049,27,62,2018-09-30
7099,27,63,2018-10-01
2716757,27,64,2018-10-06
804483,27,65,2018-10-09
2325503,27,66,2018-10-13
1832360,27,67,2018-10-17
1560223,27,68,2018-10-21
2999232,27,69,2018-10-21
1250733,27,70,2018-10-22
2569634,27,71,2018-10-27
1225000,27,72,2018-11-03
994572,27,73,2018-11-07
2138705,27,74,2018-11-14
264488,27,75,2018-11-24
3276527,27,76,2018-11-24
625018,27,77,2018-12-01
568636,27,78,2018-12-05
2546638,27,79,2018-12-10
1837192,27,80,2018-12-16
1573122,27,81,2018-12-22
1138968,28,1,2018-01-01
1589342,28,2,2018-01-20
3331846,28,3,2018-01-22
1782508,28,4,2018-02-08
1432100,28,5,2018-03-07
358148,28,6,2018-03-21
2657750,28,7,2018-03-27
2695156,28,8,2018-04-09
1584053,28,9,2018-05-09
1639907,28,10,2018-05-15
2760669,28,11,2018-06-14
1819575,28,12,2018-06-15
1272493,28,13,2018-06-26
279523,28,14,2018-07-14
2810971,28,15,2018-07-29
1481969,28,16,2018-07-30
181977,28,17,2018-07-31
979759,28,18,2018-08-09
2070736,28,19,2018-08-21
760273,28,20,2018-08-31
1385910,28,21,2018-09-01
1818037,28,22,2018-09-08
2195945,28,23,2018-09-14
1978052,28,24,2018-09-27
2064090,29,1,2018-01-01
875452,29,2,2018-01-12
2657652,29,3,2018-01-26
2999889,29,4,2018-02-06
1207762,29,5,2018-02-15
370715,29,6,2018-02-26
1049206,29,7,2018-03-08
2655002,29,8,2018-03-18
685887,29,9,2018-03-27
3167222,29,10,2018-04-09
2865794,29,11,2018-04-16
1062536,29,12,2018-04-29
620971,29,13,2018-05-07
3090640,29,14,2018-05-24
3202175,29,15,2018-06-09
2376709,29,16,2018-06-21
1748639,29,17,2018-07-02
1647841,29,18,2018-07-16
375303,30,1,2018-01-01
2156000,30,2,2018-01-08
3169631,30,3,2018-01-15
1645927,30,4,2018-02-06
986094,30,5,2018-03-08
2299885,30,6,2018-04-04
137318,30,7,2018-05-02
3333738,30,8,2018-06-01
2150649,31,1,2018-01-01
695934,31,2,2018-01-01
638062,31,3,2018-01-07
2135842,31,4,2018-01-13
2623412,31,5,2018-01-17
1183257,31,6,2018-01-24
1341128,31,7,2018-01-26
1120389,31,8,2018-01-31
3352995,31,9,2018-02-03
1593000,31,10,2018-02-10
2582407,31,11,2018-02-15
673583,31,12,2018-02-25
3035956,31,13,2018-03-03
2951746,31,14,2018-03-09
2258440,31,15,2018-03-15
2647083,31,16,2018-03-23
2231262,31,17,2018-03-31
963053,31,18,2018-03-31
813240,31,19,2018-04-04
1765409,31,20,2018-04-04
134879,32,1,2018-01-01
1275838,32,2,2018-01-31
1709286,32,3,2018-02-20
72626,32,4,2018-02-21
1210985,32,5,2018-03-23
2906103,33,1,2018-01-01
2612991,33,2,2018-01-28
1537903,33,3,2018-02-27
2383661,34,1,2018-01-01
1569834,34,2,2018-01-29
1916863,34,3,2018-02-19
1951139,34,4,2018-03-01
2344038,34,5,2018-03-22
1269089,35,1,2018-01-01
2562704,35,2,2018-01-27
1136841,35,3,2018-02-26
457048,35,4,2018-03-20
2880466,35,5,2018-04-19
1830981,35,6,2018-04-20
3309528,35,7,2018-04-24
1316279,35,8,2018-05-24
2903057,35,9,2018-06-21
3285797,36,1,2018-01-01
412111,36,2,2018-01-09
240889,36,3,2018-01-30
1602446,36,4,2018-02-09
2472897,36,5,2018-02-12
1626957,36,6,2018-02-27
453864,36,7,2018-03-14
2010389,36,8,2018-03-18
278124,36,9,2018-03-22
14400,36,10,2018-03-23
1145961,36,11,2018-03-27
746041,36,12,2018-04-05
682472,36,13,2018-04-25
3067639,36,14,2018-05-17
2640464,36,15,2018-05-29
479244,36,16,2018-06-03
409708,36,17,2018-06-14
423623,36,18,2018-07-02
664952,36,19,2018-07-05
2833188,36,20,2018-07-30
1185674,36,21,2018-08-02
2890966,36,22,2018-08-05
2671410,36,23,2018-08-27
1189699,36,24,2018-09-01
2138456,36,25,2018-09-10
669187,36,26,2018-09-16
1460684,36,27,2018-10-02
2795573,36,28,2018-10-18
1719560,36,29,2018-10-21
2693179,36,30,2018-10-21
903277,36,31,2018-10-31
2527665,36,32,2018-11-08
2230383,36,33,2018-11-11
793311,36,34,2018-11-21
1032510,36,35,2018-12-06
182125,36,36,2018-12-10
2710884,36,37,2018-12-17
327827,37,1,2018-01-01
86313,37,2,2018-01-05
1354506,37,3,2018-01-13
2153671,37,4,2018-01-21
2449761,37,5,2018-01-29
484397,37,6,2018-02-08
2568429,37,7,2018-02-18
711999,37,8,2018-03-13
1145920,37,9,2018-03-30
1736749,37,10,2018-04-10
2484696,37,11,2018-04-18
712331,37,12,2018-05-18
1740853,37,13,2018-06-01
1394419,37,14,2018-06-21
1751600,37,15,2018-07-21
1854906,37,16,2018-07-26
1179244,37,17,2018-08-01
2615608,37,18,2018-08-16
2326295,37,19,2018-08-26
841710,37,20,2018-09-04
3268585,37,21,2018-09-17
1294288,37,22,2018-10-17
1727614,37,23,2018-10-23
2873174,38,1,2018-01-01
1308004,38,2,2018-01-31
1588002,38,3,2018-02-17
1691300,38,4,2018-03-09
1244041,38,5,2018-03-31
718156,38,6,2018-04-13
894015,38,7,2018-05-11
795223,38,8,2018-06-08
3204829,38,9,2018-06-15
2980672,38,10,2018-07-12
725451,38,11,2018-07-21
2479273,38,12,2018-08-20
2782479,39,1,2018-01-01
971516,39,2,2018-01-08
127769,39,3,2018-01-14
524816,39,4,2018-01-21
859009,39,5,2018-01-28
1493525,39,6,2018-02-12
2754717,39,7,2018-03-14
2570028,40,1,2018-01-01
2309440,40,2,2018-01-09
1469897,40,3,2018-01-21
2621404,40,4,2018-01-29
1132197,40,5,2018-02-18
2640967,40,6,2018-03-05
2215173,40,7,2018-03-26
423262,40,8,2018-04-02
1145465,40,9,2018-04-16
252244,41,1,2018-01-01
2111787,41,2,2018-01-25
2838655,41,3,2018-02-24
2196695,41,4,2018-03-18
3083886,41,5,2018-04-14
940313,42,1,2018-01-01
1816335,42,2,2018-01-07
19190,42,3,2018-01-14
77399,42,4,2018-01-21
2848715,42,5,2018-01-29
1560102,42,6,2018-02-11
232622,42,7,2018-02-20
378457,42,8,2018-03-03
521231,42,9,2018-03-27
2019391,42,10,2018-04-05
2315446,42,11,2018-04-24
2083588,42,12,2018-05-14
1602489,42,13,2018-05-23
2204386,42,14,2018-06-14
278626,42,15,2018-07-14
3034563,42,16,2018-07-28
606677,43,1,2018-01-01
1530871,43,2,2018-01-25
656728,43,3,2018-02-01
634665,43,4,2018-02-07
2412774,43,5,2018-02-18
2580647,43,6,2018-02-22
1630444,43,7,2018-03-04
455561,43,8,2018-03-19
2187180,43,9,2018-03-22
3094389,43,10,2018-04-06
2770903,43,11,2018-04-15
1359969,44,1,2018-01-01
462713,44,2,2018-01-31
2699868,44,3,2018-03-02
300892,45,1,2018-01-01
784714,45,2,2018-01-13
374526,45,3,2018-01-31
1902833,45,4,2018-03-02
3345812,46,1,2018-01-01
31801,46,2,2018-01-08
3102839,46,3,2018-01-08
2539168,46,4,2018-01-22
2518161,46,5,2018-02-21
1406544,46,6,2018-03-21
821110,46,7,2018-04-18
398975,46,8,2018-05-09
3198849,46,9,2018-05-23
1538381,46,10,2018-05-29
244623,46,11,2018-06-05
2998652,46,12,2018-06-19
1876837,46,13,2018-07-03
1945511,46,14,2018-07-17
2596585,46,15,2018-08-14
1254066,46,16,2018-09-04
2661433,46,17,2018-10-04
2681913,46,18,2018-10-26
2009771,46,19,2018-11-16
2857489,47,1,2018-01-01
1303645,47,2,2018-01-02
2532123,47,3,2018-01-07
2201188,47,4,2018-01-19
1899315,47,5,2018-02-02
1035233,48,1,2018-01-01
3166874,48,2,2018-01-28
2766710,48,3,2018-02-12
501067,48,4,2018-03-11
1643524,48,5,2018-04-09
1657641,48,6,2018-05-06
749250,48,7,2018-06-04
795269,48,8,2018-06-18
3067391,48,9,2018-07-01
555834,48,10,2018-07-15
1216869,49,1,2018-01-01
2406693,49,2,2018-01-31
3283823,49,3,2018-03-02
1526098,49,4,2018-04-01
1557694,49,5,2018-04-20
379097,49,6,2018-05-20
500437,49,7,2018-06-19
1250641,49,8,2018-07-17
1363380,50,1,2018-01-01
3131103,50,2,2018-01-11
2197066,50,3,2018-01-20
3201640,50,4,2018-01-26
2756806,50,5,2018-02-06
1905727,50,6,2018-02-11
357849,50,7,2018-02-19
1673791,50,8,2018-02-22
1941871,50,9,2018-02-27
1431607,50,10,2018-03-04
935755,50,11,2018-03-08
771250,50,12,2018-03-12
218647,50,13,2018-03-22
482971,50,14,2018-03-27
1261865,50,15,2018-04-01
2102570,50,16,2018-04-14
1856643,50,17,2018-04-22
2199859,50,18,2018-04-28
505360,50,19,2018-04-30
2829245,50,20,2018-05-05
1077695,50,21,2018-05-19
3067010,50,22,2018-05-26
458687,50,23,2018-05-31
536094,50,24,2018-06-04
886814,50,25,2018-06-10
1291785,50,26,2018-06-16
1182191,50,27,2018-06-27
2333885,50,28,2018-07-01
3112215,50,29,2018-07-02
3276486,50,30,2018-07-09
2870447,50,31,2018-07-15
623555,50,32,2018-07-22
2443843,50,33,2018-08-01
867561,50,34,2018-08-03
2049647,50,35,2018-08-07
2981401,50,36,2018-08-11
2425696,50,37,2018-08-14
1177903,50,38,2018-08-18
2885215,50,39,2018-08-23
3285176,50,40,2018-08-27
1158241,50,41,2018-08-31
131991,50,42,2018-09-02
1237400,50,43,2018-09-06
3014513,50,44,2018-09-09
1368931,50,45,2018-09-15
1076291,50,46,2018-09-17
412136,50,47,2018-09-23
1939933,50,48,2018-09-28
3147929,50,49,2018-10-03
2018336,50,50,2018-10-06
1229178,50,51,2018-10-17
3044151,50,52,2018-10-20
3330597,50,53,2018-10-22
642111,50,54,2018-10-25
3205359,50,55,2018-10-27
182020,50,56,2018-11-02
636918,50,57,2018-11-07
2670599,50,58,2018-11-12
2236363,50,59,2018-11-17
2757345,50,60,2018-11-18
1915162,50,61,2018-11-21
373535,50,62,2018-11-25
3175017,50,63,2018-11-29
309687,50,64,2018-12-09
2740653,50,65,2018-12-15
2107003,50,66,2018-12-18
103726,50,67,2018-12-24
1099991,51,1,2018-01-01
1505429,51,2,2018-01-14
2151817,51,3,2018-01-31
2497897,52,1,2018-01-01
1318871,52,2,2018-01-08
1261384,52,3,2018-01-15
2100631,52,4,2018-01-22
580568,52,5,2018-01-30
1680554,52,6,2018-02-05
2428073,52,7,2018-02-13
1551977,52,8,2018-02-19
342306,52,9,2018-02-26
1520353,52,10,2018-03-06
2542086,52,11,2018-03-13
944694,52,12,2018-03-19
2906390,52,13,2018-03-26
1838593,52,14,2018-04-02
1268191,52,15,2018-04-10
2331002,52,16,2018-04-18
1122089,52,17,2018-04-24
1498922,52,18,2018-05-08
180919,52,19,2018-05-16
3146572,52,20,2018-05-21
2695875,52,21,2018-06-20
1307894,52,22,2018-06-30
1856103,52,23,2018-07-07
1030102,52,24,2018-07-15
3306717,52,25,2018-07-28
2127348,52,26,2018-08-15
1588305,52,27,2018-08-25
3364570,53,1,2018-01-01
2239092,53,2,2018-01-18
227361,53,3,2018-02-03
79015,54,1,2018-01-01
1546110,54,2,2018-01-06
3337837,54,3,2018-01-17
2548338,54,4,2018-01-21
1514655,54,5,2018-01-26
142873,54,6,2018-02-04
2008078,54,7,2018-02-09
631226,54,8,2018-02-22
3121842,54,9,2018-03-14
2205320,54,10,2018-03-19
862838,54,11,2018-03-21
881725,54,12,2018-03-29
939629,54,13,2018-03-31
638726,54,14,2018-04-07
1182951,54,15,2018-04-19
378070,54,16,2018-04-22
1376661,54,17,2018-05-04
3084020,54,18,2018-05-13
2326857,54,19,2018-05-25
905479,54,20,2018-05-29
1321441,54,21,2018-05-30
640014,54,22,2018-06-01
2983519,54,23,2018-06-14
311292,54,24,2018-06-15
2917598,54,25,2018-06-22
2045952,54,26,2018-06-23
2916715,54,27,2018-06-26
3135095,54,28,2018-06-27
51418,54,29,2018-06-27
2143390,54,30,2018-07-03
3167855,54,31,2018-07-04
1339168,54,32,2018-07-06
1630627,54,33,2018-07-08
2413026,54,34,2018-07-21
2648531,54,35,2018-07-22
3184864,54,36,2018-07-26
3249202,54,37,2018-07-27
3336359,54,38,2018-08-03
3066373,54,39,2018-08-03
1840067,54,40,2018-08-07
1893574,54,41,2018-08-10
2861721,54,42,2018-08-12
159678,54,43,2018-08-15
3270096,54,44,2018-08-21
2960216,54,45,2018-08-22
2058687,54,46,2018-08-27
3290450,54,47,2018-09-01
1902195,54,48,2018-09-05
2018396,54,49,2018-09-07
1794598,54,50,2018-09-08
1102893,54,51,2018-09-10
1162211,54,52,2018-09-12
3201675,54,53,2018-09-13
1598289,54,54,2018-09-21
1683909,54,55,2018-10-09
692802,54,56,2018-10-10
3137144,54,57,2018-10-12
1967453,54,58,2018-10-19
899785,54,59,2018-10-24
3370941,54,60,2018-10-26
1433019,54,61,2018-10-30
910390,54,62,2018-11-05
2340803,54,63,2018-11-07
2101107,54,64,2018-11-11
1000935,54,65,2018-11-21
100777,54,66,2018-11-28
3147262,54,67,2018-11-28
496907,54,68,2018-12-02
1107137,54,69,2018-12-06
1743688,54,70,2018-12-09
1404810,54,71,2018-12-12
865967,54,72,2018-12-16
1456703,54,73,2018-12-17
3161832,54,74,2018-12-19
75972,54,75,2018-12-21
2004727,54,76,2018-12-29
596690,54,77,2018-12-30
2080943,55,1,2018-01-01
2006658,55,2,2018-01-10
3057843,55,3,2018-02-07
3114269,55,4,2018-02-20
2986671,55,5,2018-03-07
1677021,55,6,2018-04-04
2206148,55,7,2018-04-17
2654273,56,1,2018-01-01
807593,56,2,2018-01-08
2511442,56,3,2018-01-11
1909697,56,4,2018-01-15
1507154,56,5,2018-01-21
1271686,56,6,2018-01-29
976101,56,7,2018-02-06
758679,56,8,2018-02-11
1221340,56,9,2018-02-19
1327957,56,10,2018-02-27
2139271,56,11,2018-03-12
1836190,56,12,2018-03-20
1381572,57,1,2018-01-01
1435093,57,2,2018-01-06
1456958,57,3,2018-01-12
48293,57,4,2018-01-21
2047997,57,5,2018-01-28
1623693,57,6,2018-02-10
435581,57,7,2018-02-22
463436,57,8,2018-03-03
1545777,57,9,2018-03-09
2380545,57,10,2018-03-19
839442,57,11,2018-03-22
949025,57,12,2018-03-26
1775331,57,13,2018-04-06
2676852,57,14,2018-04-16
913794,58,1,2018-01-01
692224,58,2,2018-01-04
714002,58,3,2018-01-17
1578027,58,4,2018-01-18
164627,58,5,2018-01-25
3097573,58,6,2018-01-29
1089058,58,7,2018-02-01
326173,58,8,2018-02-10
1867561,58,9,2018-02-25
2143792,58,10,2018-03-04
139882,58,11,2018-03-13
2830335,58,12,2018-03-29
2023100,58,13,2018-04-05
2144995,58,14,2018-05-05
1976929,58,15,2018-05-11
584586,59,1,2018-01-01
1385031,59,2,2018-01-25
2149689,59,3,2018-01-31
3050891,59,4,2018-02-02
2395967,59,5,2018-02-17
1071381,59,6,2018-03-09
2756878,59,7,2018-03-23
2994801,59,8,2018-04-21
1794276,59,9,2018-05-21
1625716,59,10,2018-06-01
2769226,60,1,2018-01-01
1205618,60,2,2018-01-27
291527,60,3,2018-02-07
1783260,60,4,2018-03-07
3224056,60,5,2018-03-31
989260,60,6,2018-04-25
2132947,60,7,2018-05-25
1597833,60,8,2018-06-24
817409,61,1,2018-01-01
1839867,61,2,2018-01-31
3160844,61,3,2018-02-14
1713067,61,4,2018-03-16
2887267,62,1,2018-01-01
964058,62,2,2018-01-11
2163945,62,3,2018-02-10
3349827,62,4,2018-02-25
1376443,62,5,2018-03-01
2655621,62,6,2018-03-15
1275664,62,7,2018-04-02
1812321,62,8,2018-05-02
2512030,62,9,2018-05-16
479208,62,10,2018-05-20
2205298,63,1,2018-01-01
2568280,63,2,2018-01-12
1763414,63,3,2018-01-23
3092533,63,4,2018-02-16
414538,63,5,2018-02-24
1538989,63,6,2018-03-08
3077044,63,7,2018-03-17
2644515,63,8,2018-04-01
495013,63,9,2018-04-27
973757,63,10,2018-04-29
1225619,63,11,2018-05-04
863243,63,12,2018-05-10
226861,63,13,2018-05-17
107377,63,14,2018-05-24
2286777,63,15,2018-05-30
390867,63,16,2018-06-04
3140578,63,17,2018-06-23
561303,63,18,2018-06-27
1023723,63,19,2018-07-02
2104282,63,20,2018-07-09
2838026,63,21,2018-07-11
1764004,63,22,2018-07-16
3028801,63,23,2018-07-23
2793873,63,24,2018-07-26
2158097,63,25,2018-08-03
1580628,63,26,2018-08-08
383458,63,27,2018-08-19
97480,63,28,2018-08-28
3301134,63,29,2018-09-08
2352518,63,30,2018-09-12
1128333,63,31,2018-09-16
1023454,63,32,2018-09-22
586227,63,33,2018-10-01
77449,63,34,2018-10-13
1816750,63,35,2018-10-27
2190355,63,36,2018-11-10
2617055,63,37,2018-11-22
1223316,63,38,2018-12-01
443742,63,39,2018-12-14
802141,64,1,2018-01-01
2601258,64,2,2018-01-12
2057180,64,3,2018-01-14
2507322,64,4,2018-01-26
33681,64,5,2018-02-01
629726,64,6,2018-02-20
2302602,64,7,2018-03-01
3215917,64,8,2018-03-16
2754807,64,9,2018-03-23
3129760,64,10,2018-04-01
1583644,65,1,2018-01-01
3253911,65,2,2018-01-08
1422896,65,3,2018-01-22
3003586,65,4,2018-01-23
1625976,65,5,2018-01-27
2133732,65,6,2018-02-11
1999119,65,7,2018-02-12
225812,65,8,2018-03-13
2843095,65,9,2018-03-21
3029625,65,10,2018-03-27
692225,65,11,2018-04-26
2630919,65,12,2018-05-03
2028484,65,13,2018-05-17
864720,65,14,2018-06-16
1089019,66,1,2018-01-01
2143319,66,2,2018-01-31
4595,66,3,2018-03-02
2360283,66,4,2018-04-01
2401332,66,5,2018-05-01
932035,66,6,2018-05-31
3205960,67,1,2018-01-01
970922,67,2,2018-01-06
596585,67,3,2018-01-13
2037087,67,4,2018-01-21
2474111,67,5,2018-01-29
1568481,67,6,2018-02-05
1723781,67,7,2018-02-11
2048527,67,8,2018-02-18
2389031,67,9,2018-02-25
2378562,67,10,2018-03-03
1515698,67,11,2018-03-10
1928050,67,12,2018-03-18
1949274,67,13,2018-03-24
551869,67,14,2018-03-31
2233579,67,15,2018-04-15
768572,67,16,2018-04-24
46584,67,17,2018-05-05
150528,67,18,2018-05-09
29758,67,19,2018-05-18
2812906,67,20,2018-05-21
1558976,67,21,2018-05-26
863974,67,22,2018-06-09
2308399,67,23,2018-06-23
1931044,67,24,2018-06-24
2333802,68,1,2018-01-01
35187,68,2,2018-01-22
1830818,68,3,2018-02-21
2253039,68,4,2018-03-23
1084179,68,5,2018-04-22
3117228,68,6,2018-05-22
2576966,69,1,2018-01-01
2624115,69,2,2018-01-15
539112,69,3,2018-01-29
2023333,69,4,2018-02-06
2550244,69,5,2018-02-19
2260493,70,1,2018-01-01
2708482,70,2,2018-01-12
3087916,70,3,2018-01-17
3080922,70,4,2018-02-03
737301,70,5,2018-03-05
939800,70,6,2018-03-16
2509231,70,7,2018-04-15
2373040,70,8,2018-04-24
2950172,70,9,2018-05-06
2848644,70,10,2018-05-20
450929,70,11,2018-06-19
2446697,70,12,2018-07-19
29902,70,13,2018-08-18
364423,71,1,2018-01-01
1962560,71,2,2018-01-08
1841185,71,3,2018-01-17
3112384,71,4,2018-01-19
2012622,71,5,2018-02-06
434668,71,6,2018-02-18
2861050,71,7,2018-02-26
2606009,71,8,2018-03-12
920597,71,9,2018-04-11
21889,71,10,2018-04-22
1382694,71,11,2018-04-25
1964503,71,12,2018-05-25
2538672,71,13,2018-06-20
1437649,71,14,2018-07-06
2600443,71,15,2018-07-14
322607,71,16,2018-07-30
461359,71,17,2018-08-11
2389339,71,18,2018-08-21
1072501,71,19,2018-09-04
703584,71,20,2018-09-13
2075249,71,21,2018-10-01
3065988,71,22,2018-10-24
1551092,71,23,2018-11-11
2451656,72,1,2018-01-01
1070540,72,2,2018-01-31
2661469,72,3,2018-02-08
389760,72,4,2018-02-12
2186390,72,5,2018-02-25
2050302,72,6,2018-03-12
2844729,72,7,2018-04-02
1567570,72,8,2018-04-17
2820122,72,9,2018-04-28
1016285,72,10,2018-05-13
797450,72,11,2018-05-19
2520276,72,12,2018-06-18
2286453,73,1,2018-01-01
1463865,73,2,2018-01-31
2483845,73,3,2018-02-14
408636,73,4,2018-03-02
1908303,73,5,2018-03-28
917141,73,6,2018-04-22
2499247,73,7,2018-05-14
643818,74,1,2018-01-01
360105,74,2,2018-01-08
1154777,74,3,2018-01-18
1386615,74,4,2018-02-10
3391303,74,5,2018-03-12
1519861,75,1,2018-01-01
2071859,75,2,2018-01-18
2773128,75,3,2018-01-27
1604099,75,4,2018-02-11
2003456,75,5,2018-02-15
207152,75,6,2018-02-22
2123286,75,7,2018-02-28
690372,75,8,2018-03-05
64791,75,9,2018-03-16
1047678,75,10,2018-03-19
44604,75,11,2018-03-25
20042,75,12,2018-03-31
1354911,75,13,2018-04-05
2391532,75,14,2018-04-12
2641583,75,15,2018-04-18
2322830,75,16,2018-04-24
122274,75,17,2018-05-04
2433377,75,18,2018-05-15
1972009,75,19,2018-05-22
1338309,75,20,2018-06-05
3192011,75,21,2018-06-27
1578024,75,22,2018-07-06
1657089,75,23,2018-07-15
3045366,76,1,2018-01-01
1522904,76,2,2018-01-31
1934930,76,3,2018-02-25
1491175,76,4,2018-03-10
2102068,76,5,2018-03-10
2763506,76,6,2018-04-09
2792895,76,7,2018-05-08
1474394,76,8,2018-05-27
380972,76,9,2018-06-26
2669994,77,1,2018-01-01
2896422,77,2,2018-01-31
474349,77,3,2018-02-27
1574973,77,4,2018-03-15
2878839,77,5,2018-03-20
431626,77,6,2018-04-04
2239642,77,7,2018-04-09
1094601,77,8,2018-04-16
2525859,77,9,2018-04-24
1941570,77,10,2018-05-01
2432711,77,11,2018-05-23
737247,77,12,2018-05-29
609104,78,1,2018-01-01
843529,78,2,2018-01-06
85768,78,3,2018-01-14
3001769,78,4,2018-01-23
91957,78,5,2018-02-22
1009350,78,6,2018-03-24
1913204,79,1,2018-01-01
3189274,79,2,2018-01-08
2667939,79,3,2018-01-16
2246974,79,4,2018-01-29
1390523,79,5,2018-02-19
2726708,79,6,2018-03-21
1882917,79,7,2018-04-20
1331103,80,1,2018-01-01
2122341,80,2,2018-01-22
2875845,80,3,2018-02-03
338550,80,4,2018-02-11
3348165,80,5,2018-02-16
1141480,80,6,2018-02-24
3276030,80,7,2018-03-08
1631228,80,8,2018-03-20
1506191,80,9,2018-03-26
2434894,80,10,2018-04-01
3090438,80,11,2018-04-09
2001654,80,12,2018-04-15
3097714,81,1,2018-01-01
1310932,81,2,2018-01-07
2759128,81,3,2018-01-21
2027712,81,4,2018-02-20
1812985,81,5,2018-03-22
2139400,81,6,2018-04-20
1928924,81,7,2018-05-20
1889835,82,1,2018-01-01
762760,82,2,2018-01-19
499460,82,3,2018-01-24
2728456,82,4,2018-02-09
80629,82,5,2018-02-21
2653743,82,6,2018-03-06
2232529,82,7,2018-03-17
63916,82,8,2018-03-21
1358880,82,9,2018-04-20
343588,82,10,2018-04-21
2500881,82,11,2018-05-01
1493222,82,12,2018-05-07
1501349,82,13,2018-05-17
1854627,82,14,2018-05-28
3034663,82,15,2018-06-09
2222448,82,16,2018-06-22
760382,82,17,2018-07-06
147262,82,18,2018-07-13
3144004,82,19,2018-07-21
3357168,83,1,2018-01-01
251784,83,2,2018-01-09
3211781,83,3,2018-02-08
1469604,83,4,2018-02-28
1515062,83,5,2018-03-12
1342998,83,6,2018-04-01
721266,84,1,2018-01-01
2951016,84,2,2018-01-31
1505422,84,3,2018-02-18
3178292,84,4,2018-03-20
3413579,84,5,2018-03-23
1726905,84,6,2018-04-10
2965907,84,7,2018-05-10
2128144,84,8,2018-06-09
3001081,85,1,2018-01-01
2299972,85,2,2018-01-31
2900024,85,3,2018-02-07
267052,85,4,2018-03-09
2568558,85,5,2018-04-04
1122034,85,6,2018-04-13
2430990,85,7,2018-04-23
465767,86,1,2018-01-01
581503,86,2,2018-01-31
3290220,86,3,2018-02-13
3125222,86,4,2018-03-15
1619617,86,5,2018-03-29
1738766,86,6,2018-04-10
3327421,86,7,2018-04-26
3273951,86,8,2018-05-09
1010713,86,9,2018-05-24
1007570,86,10,2018-06-19
1048460,86,11,2018-07-14
3088266,86,12,2018-07-18
2677797,86,13,2018-08-17
356022,86,14,2018-09-06
2408754,86,15,2018-10-03
2013249,86,16,2018-11-02
2549405,86,17,2018-11-21
838910,87,1,2018-01-01
1881440,87,2,2018-01-31
2884724,87,3,2018-03-02
3300079,87,4,2018-04-01
88090,87,5,2018-04-14
3272229,87,6,2018-04-29
3200018,87,7,2018-05-03
1963716,87,8,2018-05-08
2668477,87,9,2018-05-16
3000782,87,10,2018-05-21
370956,87,11,2018-06-09
2987007,87,12,2018-06-13
161814,87,13,2018-06-18
886786,87,14,2018-06-26
2385684,87,15,2018-07-01
1192814,87,16,2018-07-09
2462716,87,17,2018-07-16
1803772,87,18,2018-07-24
1276879,87,19,2018-07-31
546407,87,20,2018-08-05
2928597,87,21,2018-08-13
122960,87,22,2018-08-16
2483641,87,23,2018-08-21
2482940,87,24,2018-08-24
394109,87,25,2018-08-28
2042430,87,26,2018-09-19
1962113,87,27,2018-09-26
1895573,88,1,2018-01-01
1506478,88,2,2018-01-11
1963964,88,3,2018-02-10
2760558,88,4,2018-02-26
253625,88,5,2018-03-24
2377648,88,6,2018-03-24
2062476,88,7,2018-04-16
2523132,89,1,2018-01-01
1791727,89,2,2018-01-11
148717,89,3,2018-01-26
3059813,89,4,2018-02-02
91180,89,5,2018-02-08
2149569,89,6,2018-02-26
1596917,89,7,2018-03-23
1286556,89,8,2018-03-29
2380355,89,9,2018-04-05
2753281,89,10,2018-04-12
2034759,89,11,2018-04-20
275380,89,12,2018-04-24
2428804,89,13,2018-05-04
998554,89,14,2018-05-11
2860113,89,15,2018-05-18
3383132,89,16,2018-05-24
624246,89,17,2018-06-06
1874428,89,18,2018-06-15
2524081,89,19,2018-06-21
3025545,89,20,2018-06-28
1866941,90,1,2018-01-01
1743175,90,2,2018-01-04
3224951,90,3,2018-01-06
1053617,90,4,2018-01-08
400661,90,5,2018-01-14
461860,90,6,2018-01-15
1937891,90,7,2018-01-19
2819075,90,8,2018-01-20
799775,90,9,2018-01-22
1569984,90,10,2018-01-27
733734,90,11,2018-01-29
2592421,90,12,2018-02-02
2317676,90,13,2018-02-05
2813332,90,14,2018-02-09
1010419,90,15,2018-02-12
66340,90,16,2018-02-17
3223508,90,17,2018-02-19
1097156,90,18,2018-02-23
1816203,90,19,2018-02-26
2101063,90,20,2018-03-02
752188,90,21,2018-03-05
3056373,90,22,2018-03-10
3004103,90,23,2018-03-12
2997741,90,24,2018-03-16
260590,90,25,2018-03-19
856880,90,26,2018-03-24
257099,90,27,2018-03-30
2937953,90,28,2018-04-06
1682591,90,29,2018-04-08
2660566,90,30,2018-04-09
1483,90,31,2018-04-14
524838,90,32,2018-04-16
3247417,90,33,2018-04-20
3190631,90,34,2018-04-22
1350399,90,35,2018-04-29
2583597,90,36,2018-05-06
3014995,90,37,2018-05-13
1533023,90,38,2018-05-14
2893315,90,39,2018-05-18
1589698,90,40,2018-05-20
3129979,90,41,2018-05-26
2776875,90,42,2018-05-28
3218273,90,43,2018-06-02
3330122,90,44,2018-06-06
388415,90,45,2018-06-09
1200303,90,46,2018-06-11
2648890,90,47,2018-06-16
771208,90,48,2018-06-18
1439105,90,49,2018-06-21
1043148,90,50,2018-06-23
865148,90,51,2018-06-25
3306253,90,52,2018-06-30
326370,90,53,2018-07-02
125610,90,54,2018-07-05
3029731,90,55,2018-07-09
3298423,90,56,2018-07-14
1536780,90,57,2018-07-16
32664,90,58,2018-07-21
2463192,90,59,2018-07-23
363366,90,60,2018-07-28
536472,90,61,2018-07-30
53644,90,62,2018-08-02
726121,90,63,2018-08-06
693452,90,64,2018-08-11
3264150,90,65,2018-08-13
3308831,90,66,2018-08-18
2894457,90,67,2018-08-19
1928150,90,68,2018-08-23
1137431,90,69,2018-08-27
263949,90,70,2018-08-31
440272,90,71,2018-09-01
1444198,91,1,2018-01-01
3235428,91,2,2018-01-04
1454750,91,3,2018-01-08
829855,91,4,2018-01-21
1066317,91,5,2018-01-30
2102793,91,6,2018-02-03
3215897,91,7,2018-02-13
1835285,91,8,2018-02-18
954107,91,9,2018-02-25
3395314,91,10,2018-03-08
1154612,91,11,2018-04-07
3253855,91,12,2018-05-07
2779744,91,13,2018-05-11
1864038,91,14,2018-05-16
2317062,91,15,2018-05-21
2059881,92,1,2018-01-01
2632124,92,2,2018-01-18
2999662,92,3,2018-02-17
266804,92,4,2018-03-11
840547,92,5,2018-04-01
2319586,93,1,2018-01-01
1144929,93,2,2018-01-31
2482337,93,3,2018-03-02
1154181,93,4,2018-03-03
983132,93,5,2018-03-09
2852868,93,6,2018-03-09
1684010,93,7,2018-03-10
3387942,93,8,2018-03-11
2870621,93,9,2018-03-31
2432395,93,10,2018-04-08
2693318,93,11,2018-05-05
3278809,93,12,2018-05-19
1286484,93,13,2018-05-24
2926108,93,14,2018-06-23
1836789,94,1,2018-01-01
3274946,94,2,2018-01-14
2758592,94,3,2018-02-13
1462074,94,4,2018-02-22
2161718,94,5,2018-03-24
1158830,94,6,2018-03-30
3126169,94,7,2018-04-13
2682963,94,8,2018-04-13
259674,94,9,2018-04-28
1177946,95,1,2018-01-01
624228,95,2,2018-01-10
153527,95,3,2018-02-09
3330998,95,4,2018-02-28
3401727,95,5,2018-03-30
343205,95,6,2018-04-24
3242769,95,7,2018-05-18
2855192,95,8,2018-05-29
2242366,96,1,2018-01-01
2552220,96,2,2018-01-09
927478,96,3,2018-01-15
1997812,96,4,2018-01-26
1035645,96,5,2018-02-04
1456739,96,6,2018-02-16
2647486,96,7,2018-03-07
2716894,96,8,2018-03-12
1063629,96,9,2018-03-19
1002033,96,10,2018-03-28
165754,96,11,2018-04-05
2331962,96,12,2018-04-19
145694,96,13,2018-05-01
1411620,96,14,2018-05-31
3378475,96,15,2018-06-13
784032,96,16,2018-06-22
1935233,97,1,2018-01-01
1623811,97,2,2018-01-31
3180316,97,3,2018-03-02
279995,97,4,2018-03-24
2921005,97,5,2018-04-07
3131227,98,1,2018-01-01
3031033,98,2,2018-01-25
2126069,98,3,2018-02-19
3027046,98,4,2018-03-02
335423,98,5,2018-03-23
446247,98,6,2018-04-22
2210120,98,7,2018-04-27
2389272,98,8,2018-05-02
681011,98,9,2018-06-01
465170,98,10,2018-07-01
2846344,98,11,2018-07-16
747431,98,12,2018-08-15
2383054,98,13,2018-09-14
1993729,98,14,2018-09-22
2736359,99,1,2018-01-01
465262,99,2,2018-01-15
2872285,99,3,2018-02-08
828701,99,4,2018-03-03
2216860,99,5,2018-03-16
1262038,99,6,2018-04-08
1979417,99,7,2018-04-21
146991,99,8,2018-05-20
2383703,99,9,2018-06-19
570913,99,10,2018-07-01
637147,99,11,2018-07-27
1176583,99,12,2018-08-08
114641,99,13,2018-08-23
319452,99,14,2018-09-13
3094908,99,15,2018-09-21
1199615,99,16,2018-09-28
2282647,99,17,2018-10-21
2326743,99,18,2018-10-29
680467,100,1,2018-01-01
3159209,100,2,2018-01-19
2443738,100,3,2018-02-18
2337051,100,4,2018-03-20
2875733,100,5,2018-04-15
